/pages/spare_parts;/spare_parts/
/catalog/id7;/spare_parts/saeco/
/catalog/id11;/spare_parts/saeco/termobloki/
/catalog/id15;/spare_parts/saeco/termobloki/termobloki-saeco-incanto/
/catalog/id16;/spare_parts/saeco/termobloki/termobloki-saeco-9019.A59.00a/
/catalog/id17;/spare_parts/saeco/termobloki/termobloki-saeco-9019.061.00a/
/catalog/id21;/spare_parts/saeco/kofemolki-i-zhernova/
/catalog/id23;/spare_parts/saeco/kofemolki-i-zhernova/zhernova-stalnye-saeco/
/catalog/id24;/spare_parts/saeco/kofemolki-i-zhernova/motor-kofemolki-i-zhernova-saeco/
/catalog/id25;/spare_parts/saeco/kofemolki-i-zhernova/motor-gorizontalnoj-kofemolki-i-zhernova-saeco/
/catalog/id26;/spare_parts/saeco/kofemolki-i-zhernova/shesternja-reduktora-kofemolki-i-zhernova-saeco/
/catalog/id473;/spare_parts/saeco/kofemolki-i-zhernova/zhernov-keramicheskij-saeco/
/catalog/id474;/spare_parts/saeco/kofemolki-i-zhernova/kofevod-gorizontalnoj-kofemolki-i-zhernova-saeco/
/catalog/id33;/spare_parts/saeco/pompy/
/catalog/id279;/spare_parts/saeco/pompy/pompa-ulka-ex5-770100280t/
/catalog/id280;/spare_parts/saeco/krany-i-klapana/klapan-sbrosa-davlenija-saeco-229452100/
/catalog/id281;/spare_parts/saeco/datchiki-i-predohraniteli/datchik-rashoda-vody-saeco-842503555/
/catalog/id34;/spare_parts/saeco/pompy/pompa-ulka-ep5-220v-48bt/
/catalog/id138;/spare_parts/saeco/bloki-zavarivanija-i-reduktory/
/catalog/id395;/spare_parts/saeco/bloki-zavarivanija-i-reduktory/sito-dlja-zavarnogo-bloka-223740300/
/catalog/id139;/spare_parts/saeco/bloki-zavarivanija-i-reduktory/zavarochnyj-blok-saeco-primea-talea-odea/
/catalog/id364;/spare_parts/saeco/bloki-zavarivanija-i-reduktory/zavarnoj-blok-11004181/
/catalog/id365;/spare_parts/saeco/bloki-zavarivanija-i-reduktory/zavarnoj-blok-11003800/
/catalog/id366;/spare_parts/saeco/bloki-zavarivanija-i-reduktory/zavarnoj-blok-11004180/
/catalog/id367;/spare_parts/saeco/bloki-zavarivanija-i-reduktory/zavarnoj-blok-11003426/
/catalog/id368;/spare_parts/saeco/bloki-zavarivanija-i-reduktory/zavarnoj-blok-11004183/
/catalog/id369;/spare_parts/saeco/bloki-zavarivanija-i-reduktory/zavarnoj-blok-11005921/
/catalog/id370;/spare_parts/saeco/bloki-zavarivanija-i-reduktory/zavarnoj-blok-11004188/
/catalog/id368;/spare_parts/saeco/bloki-zavarivanija-i-reduktory/zavarnoj-blok-11004183/
/catalog/id369;/spare_parts/saeco/bloki-zavarivanija-i-reduktory/zavarnoj-blok-11005921/
/catalog/id370;/spare_parts/saeco/bloki-zavarivanija-i-reduktory/zavarnoj-blok-11004188/
/catalog/id396;/spare_parts/saeco/bloki-zavarivanija-i-reduktory/porshen-zavarnogo-bloka-11003796/
/catalog/id397;/spare_parts/saeco/krany-i-klapana/vhodnoj-klapan-s-uplotnitelnym-kolcom-20000440/
/catalog/id398;/spare_parts/saeco/krany-i-klapana/klapan-zavarnogo-bloka-11002154/
/catalog/id415;/spare_parts/saeco/bloki-zavarivanija-i-reduktory/ruchka-zavarnogo-bloka-842500133/
/catalog/id416;/spare_parts/saeco/bloki-zavarivanija-i-reduktory/gaechnyj-kljuch-842500252/
/catalog/id417;/spare_parts/saeco/bloki-zavarivanija-i-reduktory/kreplenie-sita-842501986/
/catalog/id418;/spare_parts/saeco/bloki-zavarivanija-i-reduktory/kreplenie-sita-227470150/
/catalog/id419;/spare_parts/saeco/bloki-zavarivanija-i-reduktory/nosik-vyhoda-kofe-dlja-zavarnogo-bloka-s-prokladkoj-842500111/
/catalog/id420;/spare_parts/saeco/bloki-zavarivanija-i-reduktory/nosik-vyhoda-kofe-dlja-zavarnogo-bloka-842502881/
/catalog/id421;/spare_parts/saeco/bloki-zavarivanija-i-reduktory/cilindr-zavarnogo-bloka-842500320/
/catalog/id422;/spare_parts/saeco/bloki-zavarivanija-i-reduktory/skrebok-dlja-zavarnogo-bloka-842500127/
/catalog/id399;/spare_parts/saeco/korpusa-kontejnery-poddony/
/catalog/id400;/spare_parts/saeco/korpusa-kontejnery-poddony/kontejner-kofejnyh-zeren-267246/
/catalog/id401;/spare_parts/saeco/korpusa-kontejnery-poddony/kryshka-klapana-841556685/
/catalog/id402;/spare_parts/saeco/korpusa-kontejnery-poddony/kontejner-dlja-kofejnyh-zeren-842500005/
/catalog/id403;/spare_parts/saeco/korpusa-kontejnery-poddony/nosik-podachi-kofe-842502160/
/catalog/id404;/spare_parts/saeco/korpusa-kontejnery-poddony/nosik-podachi-kofe-842502849/
/catalog/id405;/spare_parts/saeco/korpusa-kontejnery-poddony/ruchka-trubki-podachi-para-174209/
/catalog/id406;/spare_parts/saeco/korpusa-kontejnery-poddony/kryshka-kontejnera-vody-842502074/
/catalog/id407;/spare_parts/saeco/korpusa-kontejnery-poddony/kontejner-dlja-vody-11002017/
/catalog/id408;/spare_parts/saeco/korpusa-kontejnery-poddony/kryshka-bunkera-molotogo-kofe-11000061/
/catalog/id409;/spare_parts/saeco/korpusa-kontejnery-poddony/kontejner-dlja-vody-222693880/
/catalog/id410;/spare_parts/saeco/kapuchinatory/
/catalog/id428;/spare_parts/saeco/kapuchinatory/kapuchchinator-universalnyj-97740/
/catalog/id411;/spare_parts/saeco/kapuchinatory/trubka-podachi-para-so-shlangom-11022486/
/catalog/id412;/spare_parts/saeco/kapuchinatory/kontejner-dlja-moloka-s-kryshkoj-v-sbore-20000540/
/catalog/id413;/spare_parts/saeco/kapuchinatory/trubka-dlja-vspenivanija-iz-metalla-97799/
/catalog/id414;/spare_parts/saeco/kapuchinatory/polnostju-avtomaticheskij-kapuchchinator-142520150/
/catalog/id423;/spare_parts/saeco/korpusa-kontejnery-poddony/
/catalog/id424;/spare_parts/saeco/korpusa-kontejnery-poddony/kontejner-otrabotannogo-kofe-142602299/
/catalog/id425;/spare_parts/saeco/korpusa-kontejnery-poddony/poddon-842502068/
/catalog/id426;/spare_parts/saeco/korpusa-kontejnery-poddony/lift-chashek-11002273/
/catalog/id427;/spare_parts/saeco/korpusa-kontejnery-poddony/poddon-kaple-sbornik-ral-7021-842502152/
/catalog/id72;/spare_parts/saeco/uplotniteli-i-manzhety/
/catalog/id73;/spare_parts/saeco/uplotniteli-i-manzhety/manzheta-pod-bachok-vody/
/catalog/id74;/spare_parts/saeco/uplotniteli-i-manzhety/uplotnitel-teflonovoj-trubki/
/catalog/id85;/spare_parts/saeco/jelektronika/
/catalog/id86;/spare_parts/saeco/jelektronika/plata-upravlenija-saeco-vienna/
/catalog/id429;/spare_parts/saeco/jelektronika/plata-upravlenija-processorom-mdl-versii-na-842502092/
/catalog/id430;/spare_parts/saeco/jelektronika/plata-upravlenija-cpu-21-chas-842500588/
/catalog/id431;/spare_parts/saeco/jelektronika/plata-dlja-11001360/
/catalog/id432;/spare_parts/saeco/jelektronika/plata-v3-11010316/
/catalog/id433;/spare_parts/saeco/jelektronika/plata-processora-20003340/
/catalog/id481;/spare_parts/saeco/jelektronika/mikrovykljuchatel-996530058851/
/catalog/id12;/spare_parts/jura/
/catalog/id131;/spare_parts/jura/termobloki/
/catalog/id265;/spare_parts/jura/termobloki/termobloki-61844/
/catalog/id266;/spare_parts/jura/termobloki/termobloki-10200/
/catalog/id264;/spare_parts/jura/termobloki/termobloki-65327/
/catalog/id525;/spare_parts/jura/termobloki/termobloki-50067/
/catalog/id527;/spare_parts/jura/termobloki/termobloki-63511/
/catalog/id526;/spare_parts/jura/termobloki/termobloki-70160/
/catalog/id528;/spare_parts/jura/termobloki/termobloki-64983/
/catalog/id529;/spare_parts/jura/termobloki/paroblok-66319/
/catalog/id530;/spare_parts/jura/termobloki/paroblok-jura-s-und-x-serie/
/catalog/id134;/spare_parts/jura/termobloki/termobloki-jura/
/catalog/id159;/spare_parts/jura/uplotniteli-i-manzhety/
/catalog/id160;/spare_parts/jura/uplotniteli-i-manzhety/komplekt-originalnyh-uplotnitelej-drenazhnogo-klapana/
/catalog/id161;/spare_parts/jura/uplotniteli-i-manzhety/kolco-porshnja-zavarnogo-bloka/
/catalog/id162;/spare_parts/jura/uplotniteli-i-manzhety/kolco-uplotnitelnoe/
/catalog/id163;/spare_parts/jura/uplotniteli-i-manzhety/remontnyj-komplekt-termoblokia-e-serie/
/catalog/id469;/spare_parts/jura/uplotniteli-i-manzhety/remontnyj-komplekt-dlja-termoblokia-jura-s-serii/
/catalog/id471;/spare_parts/jura/uplotniteli-i-manzhety/manzheta-bachka-vody/
/catalog/id538;/spare_parts/jura/uplotniteli-i-manzhety/silikonovaja-pishhevaja-smazka/
/catalog/id351;/spare_parts/jura/korpusa-kontejnery-poddony/
/catalog/id352;/spare_parts/jura/korpusa-kontejnery-poddony/kontejner-dlja-vody-62026/
/catalog/id353;/spare_parts/jura/korpusa-kontejnery-poddony/kontejner-dlja-vody-69101/
/catalog/id354;/spare_parts/jura/korpusa-kontejnery-poddony/zazhim-dlja-filtra-63338/
/catalog/id60;/spare_parts/jura/bloki-zavarivanija-i-reduktory/
/catalog/id140;/spare_parts/jura/bloki-zavarivanija-i-reduktory/zavarnoj-blok-62103/
/catalog/id539;/spare_parts/jura/krany-i-klapana/kolpachok-drenazhnogo-klapana/
/catalog/id123;/spare_parts/jura/bloki-zavarivanija-i-reduktory/jelektroprivod-zavarnogo-bloka-12v/
/catalog/id141;/spare_parts/jura/krany-i-klapana/drenazhnyj-klapan-63577/
/catalog/id144;/spare_parts/jura/uplotniteli-i-manzhety/kolco-uplotnitelnoe/
/catalog/id124;/spare_parts/jura/bloki-zavarivanija-i-reduktory/jenkoder-privoda-zavarnogo-bloka/
/catalog/id61/;/spare_parts/jura/bloki-zavarivanija-i-reduktory/zavarnoj-blok-pereborka/
/catalog/id333;/spare_parts/jura/bloki-zavarivanija-i-reduktory/zavarnoj-blok-69124/
/catalog/id334;/spare_parts/jura/bloki-zavarivanija-i-reduktory/zavarnoj-blok-68934/
/catalog/id142;/spare_parts/jura/uplotniteli-i-manzhety/komplekt-originalnyh-uplotnitelej-drenazhnogo-klapana/
/catalog/id335;/spare_parts/jura/bloki-zavarivanija-i-reduktory/zavarnoj-blok-69059/
/catalog/id143;/spare_parts/jura/uplotniteli-i-manzhety/komplekt-kolec-porshnja-zavarnogo-bloka/
/catalog/id336;/spare_parts/jura/krany-i-klapana/drenazhnyj-klapan-63748/
/catalog/id337;/spare_parts/jura/perehodniki-i-soedinenija/perehodnik-63347/
/catalog/id338;/spare_parts/jura/perehodniki-i-soedinenija/perehodnik-62021/
/catalog/id340;/spare_parts/jura/bloki-zavarivanija-i-reduktory/nosik-dozatora-kofe-61999/
/catalog/id339;/spare_parts/jura/krany-i-klapana/drenazhnyj-kanal-kofe-23703/
/catalog/id67;/spare_parts/jura/kofemolki-i-zhernova/
/catalog/id68;/spare_parts/jura/kofemolki-i-zhernova/kofemolka-v-sbore/
/catalog/id323;/spare_parts/jura/kofemolki-i-zhernova/derzhatel-datchika-temperatury-dlja-kofemolki-i-zhernova-s-dvigatelem-65715/
/catalog/id324;/spare_parts/jura/datchiki-i-predohraniteli/datchik-kryshki-molotogo-kofe-64112/
/catalog/id325;/spare_parts/jura/korpusa-kontejnery-poddony/kontejner-kofejnyh-zeren-v-sbore-62600/
/catalog/id326;/spare_parts/jura/datchiki-i-predohraniteli/infrakrasnyj-datchik-kontrolja-kofe-v-kontejnere-kofejnyh-zeren-64918/
/catalog/id328;/spare_parts/jura/kofemolki-i-zhernova/kofemolka-230v-10249/
/catalog/id329;/spare_parts/jura/kofemolki-i-zhernova/prokladka-kontejnera-kofejnyj-zeren-63507/
/catalog/id330;/spare_parts/jura/kofemolki-i-zhernova/shesterenka-regulirovki-pomola-58581/
/catalog/id331;/spare_parts/jura/datchiki-i-predohraniteli/datchik-temperatury-dlja-kofemolki-i-zhernova-65713/
/catalog/id101;/spare_parts/jura/jelektronika/
/catalog/id293;/spare_parts/jura/ruchki-i-paneli/sensornyj-displej-64685/
/catalog/id294;/spare_parts/jura/ruchki-i-paneli/knopki-paneli-upravlenija-63293/
/catalog/id295;/spare_parts/jura/jelektronika/silovaja-plata-61803/
/catalog/id296;/spare_parts/jura/jelektronika/silovaja-plata-65983/
/catalog/id301;/spare_parts/jura/jelektronika/silovaja-plata-62185/
/catalog/id302;/spare_parts/jura/jelektronika/12-kontaktnyj-kabel-63818/
/catalog/id303;/spare_parts/jura/ruchki-i-paneli/sensornyj-displej-66055/
/catalog/id304;/spare_parts/jura/jelektronika/transformator-230v-61798/
/catalog/id305;/spare_parts/jura/datchiki-i-predohraniteli/datchik-krana-63655/
/catalog/id306;/spare_parts/jura/ruchki-i-paneli/knopki-paneli-upravlenija-63146/
/catalog/id307;/spare_parts/jura/jelektronika/silovaja-plata-65237/
/catalog/id308;/spare_parts/jura/jelektronika/silovaja-plata-63359/
/catalog/id309;/spare_parts/jura/ruchki-i-paneli/knopka-vkljuchenija-vykljuchenija-dlja-kofemashiny-62047/
/catalog/id310;/spare_parts/jura/jelektronika/silovaja-plata-59421/
/catalog/id312;/spare_parts/jura/jelektronika/filtr-s-kondensatorom-62156/
/catalog/id313;/spare_parts/jura/jelektronika/signalnaja-lampa-osveshhenie-chashek-63287/
/catalog/id314;/spare_parts/jura/ruchki-i-paneli/displej-panel-upravlenija-66049/
/catalog/id315;/spare_parts/jura/jelektronika/silovaja-plata-66916/
/catalog/id316;/spare_parts/jura/ruchki-i-paneli/panel-upravlenija-modul-displeja-66584/
/catalog/id317;/spare_parts/jura/datchiki-i-predohraniteli/datchik-krana-voda-par-63658/
/catalog/id318;/spare_parts/jura/jelektronika/filtr-s-provodami-62225/
/catalog/id319;/spare_parts/jura/datchiki-i-predohraniteli/datchik-krana-voda-par-65904/
/catalog/id320;/spare_parts/jura/jelektronika/silovaja-plata-67661/
/catalog/id321;/spare_parts/jura/jelektronika/filtr-s-provodami-63509/
/catalog/id322;/spare_parts/jura/ruchki-i-paneli/displej-dlja-66063/
/catalog/id102;/spare_parts/jura/jelektronika/transformator-230v-62841/
/catalog/id291;/spare_parts/jura/ruchki-i-paneli/knopki-paneli-upravlenija-63295/
/catalog/id341;/spare_parts/jura/pompy/
/catalog/id342;/spare_parts/jura/pompy/pompa-Invensys-cp4-230v-70w-62062/
/catalog/id343;/spare_parts/jura/datchiki-i-predohraniteli/datchik-rashoda-vody-59391/
/catalog/id344;/spare_parts/jura/pompy/termostat-115c-10a-1nt01L-3190/
/catalog/id345;/spare_parts/jura/pompy/membrannyj-reguljator-pompy-69315/
/catalog/id346;/spare_parts/jura/kapuchinatory/
/catalog/id347;/spare_parts/jura/kapuchinatory/trubka-dlja-vspenivanija-v1-60053/
/catalog/id348;/spare_parts/jura/kapuchinatory/trubka-para-64267/
/catalog/id349;/spare_parts/jura/kapuchinatory/professionalnyj-avtomaticheskij-kapuchchinator-643052/
/catalog/id350;/spare_parts/jura/kapuchinatory/kapuchchinator-v-sbore-64904/
/catalog/id14;/spare_parts/bosch/
/catalog/id28;/spare_parts/bosch/kofemolki-i-zhernova/
/catalog/id29;/spare_parts/bosch/kofemolki-i-zhernova/kofemolka-v-sbore-490237/
/catalog/id157;/spare_parts/bosch/uplotniteli-i-manzhety/manzheta-silikonovaja-419999/
/catalog/id32;/spare_parts/bosch/kofemolki-i-zhernova/zhernova-stalnye-bosch/
/catalog/id154;/spare_parts/bosch/kofemolki-i-zhernova/pruzhiny-s-sharikami-bosch/
/catalog/id155;/spare_parts/bosch/kofemolki-i-zhernova/fiksator-pomola/
/catalog/id327;/spare_parts/bosch/krany-i-klapana/
/catalog/id276;/spare_parts/bosch/krany-i-klapana/jelektromagnitnyj-klapan-613617/
/catalog/id355;/spare_parts/bosch/krany-i-klapana/jelektromagnitnyj-klapan-423377/
/catalog/id356;/spare_parts/bosch/krany-i-klapana/kran-gorjachaja-voda-par-423398/
/catalog/id357;/spare_parts/bosch/krany-i-klapana/vyhodnoj-klapan-423399/
/catalog/id30;/spare_parts/bosch/korpusa-kontejnery-poddony/
/catalog/id76;/spare_parts/bosch/korpusa-kontejnery-poddony/kontejner-dlja-vody-490218/
/catalog/id82;/spare_parts/bosch/korpusa-kontejnery-poddony/emkost-dlja-othodov/
/catalog/id151;/spare_parts/bosch/korpusa-kontejnery-poddony/emkost-dlja-kofejnyh-othodov-44988/
/catalog/id152;/spare_parts/bosch/korpusa-kontejnery-poddony/kontejner-dlja-vody-642180/
/catalog/id153;/spare_parts/bosch/korpusa-kontejnery-poddony/kontejner-dlja-vody-672049/
/catalog/id31;/spare_parts/bosch/pompy/
/catalog/id77;/spare_parts/bosch/pompy/pompa-Invensys-230v-419969/
/catalog/id274;/spare_parts/bosch/datchiki-i-predohraniteli/datchik-rashoda-vody-613868/
/catalog/id275;/spare_parts/bosch/pompy/membrannyj-reguljator-nasosa-419988/
/catalog/id277;/spare_parts/bosch/pompy/kronshtejn-dlja-nasosa-59465/
/catalog/id56;/spare_parts/bosch/termobloki/
/catalog/id158;/spare_parts/bosch/termobloki/termobloki-641656/
/catalog/id282;/spare_parts/bosch/termobloki/termobloki-490999b/
/catalog/id283;/spare_parts/bosch/termobloki/termobloki-499949b/
/catalog/id284;/spare_parts/bosch/termobloki/termobloki-499951b/
/catalog/id285;/spare_parts/bosch/termobloki/termobloki-499950b/
/catalog/id286;/spare_parts/bosch/datchiki-i-predohraniteli/datchik-temperatury-dlja-termoblokia-610671b/
/catalog/id287;/spare_parts/bosch/datchiki-i-predohraniteli/ntc-datchik-nagreva-para-425939b/
/catalog/id164;/spare_parts/bosch/bloki-zavarivanija-i-reduktory/
/catalog/id258;/spare_parts/bosch/bloki-zavarivanija-i-reduktory/privod-dlja-zavarnogo-bloka-bosch/
/catalog/id260;/spare_parts/bosch/bloki-zavarivanija-i-reduktory/zavarnoj-blok-bosch/
/catalog/id261;/spare_parts/bosch/bloki-zavarivanija-i-reduktory/zavarnoj-blok-bosch-s-ruchkoj/
/catalog/id262;/spare_parts/bosch/krany-i-klapana/drenazhnyj-klapan-v-sbore-425949/
/catalog/id537;/spare_parts/bosch/bloki-zavarivanija-i-reduktory/silikonovaja-pishhevaja-smazka-6gr/
/catalog/id99;/spare_parts/bosch/jelektronika/
/catalog/id268;/spare_parts/bosch/jelektronika/transformator-230v-419962/
/catalog/id269;/spare_parts/bosch/jelektronika/silovoj-modul-642928/
/catalog/id270;/spare_parts/bosch/jelektronika/silovoj-modul-643210/
/catalog/id271;/spare_parts/bosch/jelektronika/silovoj-modul-643440/
/catalog/id272;/spare_parts/bosch/jelektronika/modul-upravlenija-dlja-tk54-tca54-645134/
/catalog/id273;/spare_parts/bosch/jelektronika/kondensator-bsh-604110/
/catalog/id358;/spare_parts/bosch/jelektronika/termostat-115C-10a-1nt01L-dlja-pompy-63190/
/catalog/id13;/spare_parts/delonghi/
/catalog/id46;/spare_parts/delonghi/termobloki/
/catalog/id47;/spare_parts/delonghi/termobloki/termobloki-delonghi-eam-7332182500/
/catalog/id145;/spare_parts/delonghi/termobloki/termobloki-delonghi-esam-5532139700/
/catalog/id507;/spare_parts/delonghi/termobloki/termobloki-esam-s-6mm-vyhodami-7313213911/
/catalog/id508;/spare_parts/delonghi/termobloki/porshen-gruppy-zavarivanija-kofemashiny-ecam-7313217301/
/catalog/id531;/spare_parts/delonghi/termobloki/termobloki-5513214291/
/catalog/id532;/spare_parts/delonghi/termobloki/termobloki-5513212081/
/catalog/id533;/spare_parts/delonghi/termobloki/porshen-gruppy-zavarivanija-ecam-7313231641/
/catalog/id534;/spare_parts/delonghi/termobloki/porshen-gruppy-zavarivanija-ecam-26.455-7313224081/
/catalog/id48;/spare_parts/delonghi/termobloki/termobloki-esam-s-5mm-vyhodami-7313213901/
/catalog/id51;/spare_parts/delonghi/termobloki/paroblok-7332196700/
/catalog/id119;/spare_parts/delonghi/perehodniki-i-soedinenija/
/catalog/id120;/spare_parts/delonghi/perehodniki-i-soedinenija/perehodnik-k-termoblokiu-magnifica-eam-5332140800/
/catalog/id503;/spare_parts/delonghi/perehodniki-i-soedinenija/perehodnik-6mm-5332212900/
/catalog/id504;/spare_parts/delonghi/perehodniki-i-soedinenija/keramicheskaja-prokladka-v-5mm-5332239300/
/catalog/id505;/spare_parts/delonghi/perehodniki-i-soedinenija/perehodnik-s-solenoidnogo-klapana-5332188800/
/catalog/id506;/spare_parts/delonghi/perehodniki-i-soedinenija/klapan-perehodnik-7313212561/
/catalog/id515;/spare_parts/delonghi/perehodniki-i-soedinenija/klemma-termoblokia/
/catalog/id516;/spare_parts/delonghi/perehodniki-i-soedinenija/klapan-sbrosa-davlenija-dlja-nasosa-7313219431/
/catalog/id517;/spare_parts/delonghi/perehodniki-i-soedinenija/perehodnik-termoblokia-5332142700/
/catalog/id518;/spare_parts/delonghi/perehodniki-i-soedinenija/membrannyj-klapan-pompy-5513211371/
/catalog/id121;/spare_parts/delonghi/perehodniki-i-soedinenija/perehodnik-termoblokia-5mm-esam-i-ecam-5332239200/
/catalog/id122;/spare_parts/delonghi/perehodniki-i-soedinenija/uglovoj-perehodnik-5313218931/
/catalog/id125;/spare_parts/delonghi/perehodniki-i-soedinenija/uglovoj-perehodnik-na-jel.magnitnyj-klapan-esam-v-eam-5332196900/
/catalog/id126;/spare_parts/delonghi/perehodniki-i-soedinenija/klemma-teflonovoj-trubki-6132101300/
/catalog/id135;/spare_parts/delonghi/korpusa-kontejnery-poddony/
/catalog/id136;/spare_parts/delonghi/korpusa-kontejnery-poddony/emkost-dlja-vody-eam-i-esam-7313228241/
/catalog/id509;/spare_parts/delonghi/korpusa-kontejnery-poddony/emkost-dlja-vody-ecam-26.455-7313220761/
/catalog/id510/;/spare_parts/delonghi/korpusa-kontejnery-poddony/emkost-dlja-vody-kofemashin-esam-7332199300/
/catalog/id520;/spare_parts/delonghi/korpusa-kontejnery-poddony/fiksator-manzhety-bachka-vody-ecam-5313213291/
/catalog/id137;/spare_parts/delonghi/korpusa-kontejnery-poddony/emkost-dlja-vody-ecam-7313212611/
/catalog/id238;/spare_parts/delonghi/uplotniteli-i-manzhety/
/catalog/id239;/spare_parts/delonghi/uplotniteli-i-manzhety/uplotnitelnoe-kolco-5332149100/
/catalog/id240;/spare_parts/delonghi/uplotniteli-i-manzhety/uplotnitelnoe-kolco-shlanga-vysokogo-davlenija-63444/
/catalog/id241;/spare_parts/delonghi/uplotniteli-i-manzhety/prokladka-kontejnera-dlja-vody-533555111/
/catalog/id246;/spare_parts/delonghi/uplotniteli-i-manzhety/nabor-uplotnitelej-dlja-termoblokia-magnifica-eam-100158/
/catalog/id247;/spare_parts/delonghi/uplotniteli-i-manzhety/komplekt-uplotnitelnyh-kolec-dlja-kappuchinatora-4711/
/catalog/id249;/spare_parts/delonghi/uplotniteli-i-manzhety/uplotnitelnoe-kolco-dlja-termoblokia-5332107700/
/catalog/id250;/spare_parts/delonghi/uplotniteli-i-manzhety/uplotnitelnoe-kolco-5332199800/
/catalog/id251;/spare_parts/delonghi/uplotniteli-i-manzhety/uplotnitelnoe-kolco-533500/
/catalog/id252;/spare_parts/delonghi/uplotniteli-i-manzhety/uplotnitelnoe-kolco-533550/
/catalog/id536;/spare_parts/delonghi/uplotniteli-i-manzhety/silikonovaja-pishhevaja-smazka-6gr/
/catalog/id511;/spare_parts/delonghi/ruchki-i-paneli/
/catalog/id254;/spare_parts/delonghi/ruchki-i-paneli/knopki-paneli-upravlenija-eam4-esam4-5332195300/
/catalog/id521;/spare_parts/delonghi/ruchki-i-paneli/knopka-aromata-esam5/
/catalog/id522;/spare_parts/delonghi/ruchki-i-paneli/levyj-rjad-klavish-esam5/
/catalog/id523;/spare_parts/delonghi/ruchki-i-paneli/pravyj-rjad-klavish-esam5/
/catalog/id524;/spare_parts/delonghi/ruchki-i-paneli/dver-esam5600-7313224121/
/catalog/id128;/spare_parts/delonghi/ruchki-i-paneli/perehodnik-reguljatorov-voda-kofe/
/catalog/id519;/spare_parts/delonghi/datchiki-i-predohraniteli/
/catalog/id49;/spare_parts/delonghi/kofemolki-i-zhernova/
/catalog/id50;/spare_parts/delonghi/kofemolki-i-zhernova/kofemolka-eam-i-esam-7332203600/
/catalog/id512;/spare_parts/delonghi/kofemolki-i-zhernova/kofemolka-v-sbore-7313225061/
/catalog/id513;/spare_parts/delonghi/kofemolki-i-zhernova/kofemolka-ecam-23.xxx-7313227621/
/catalog/id514;/spare_parts/delonghi/kofemolki-i-zhernova/kofemolka-v-sbore-ecam23-ex-ecam24-26-7313220361/
/catalog/id59;/spare_parts/delonghi/kofemolki-i-zhernova/remen-privoda-kofemolki-i-zhernova/
/catalog/id52;/spare_parts/delonghi/jelektronika/
/catalog/id217;/spare_parts/delonghi/jelektronika/plata-eam2-3-4-5232109400/
/catalog/id191;/spare_parts/delonghi/jelektronika/plata-esam-5400-5213210971/
/catalog/id218;/spare_parts/delonghi/jelektronika/plata-esam-5213211901/
/catalog/id219;/spare_parts/delonghi/jelektronika/plata-eam3-5232105200/
/catalog/id220;/spare_parts/delonghi/jelektronika/plata-esam3300-5232119500/
/catalog/id221;/spare_parts/delonghi/jelektronika/plata-eam3-5232102900/
/catalog/id222;/spare_parts/delonghi/jelektronika/plata-eam3500-eam4500-232109900/
/catalog/id223;/spare_parts/delonghi/jelektronika/plata-ecam-23.210-ecam-24.210-5213213651/
/catalog/id224;/spare_parts/delonghi/jelektronika/plata-ecam-23.450-5213213671/
/catalog/id225;/spare_parts/delonghi/jelektronika/plata-5213213691/
/catalog/id226;/spare_parts/delonghi/jelektronika/plata-esam3600-5232121100/
/catalog/id227;/spare_parts/delonghi/jelektronika/plata-magnifica-eam3400-eam4400-5232109800/
/catalog/id228;/spare_parts/delonghi/jelektronika/plata-magnifica-esam3400-esam4400-5232119600/
/catalog/id229;/spare_parts/delonghi/jelektronika/plata-esam3400.r-5213212711/
/catalog/id230;/spare_parts/delonghi/jelektronika/plata-eam3-eam4-5232109600/
/catalog/id231;/spare_parts/delonghi/jelektronika/plata-esam3-4-5213212811/
/catalog/id232;/spare_parts/delonghi/jelektronika/plata-esam-5213212681/
/catalog/id233;/spare_parts/delonghi/jelektronika/plata-esam5450-5213212251/
/catalog/id234;/spare_parts/delonghi/jelektronika/plata-esam5500-5213210131/
/catalog/id235;/spare_parts/delonghi/jelektronika/plata-esam6600-5232119800/
/catalog/id236;/spare_parts/delonghi/jelektronika/plata-esam6700-5213211151/
/catalog/id237;/spare_parts/delonghi/jelektronika/plata-esam6600-5213211861/
/catalog/id255;/spare_parts/delonghi/jelektronika/plata-eam2-3-4-esam2-3-4-5232110000/
/catalog/id256;/spare_parts/delonghi/jelektronika/panel-upravlenija-s-platoj-eam3-esam3-7332182600/
/catalog/id495;/spare_parts/delonghi/jelektronika/plata-5213213921-ecam-23.450-ex3/
/catalog/id496;/spare_parts/delonghi/jelektronika/panel-s-displeem-kofemashiny-esam3500-5213212821/
/catalog/id497;/spare_parts/delonghi/jelektronika/panel-upravlenija-esam5500-perfecta-cappuccino/
/catalog/id498;/spare_parts/delonghi/jelektronika/panel-upravlenija-s-displeem-esam6600/
/catalog/id499;/spare_parts/delonghi/jelektronika/panel-upravlenija-5213212921-esam6600-ot-2008g/
/catalog/id54;/spare_parts/delonghi/jelektronika/termostat-318-c/
/catalog/id53;/spare_parts/delonghi/jelektronika/termostat-170-c/
/catalog/id75;/spare_parts/delonghi/jelektronika/plata-eam3500-eam4500/
/catalog/id118;/spare_parts/delonghi/datchiki-i-predohraniteli/datchik-reduktora-deLonghi/
/catalog/id78;/spare_parts/delonghi/bloki-zavarivanija-i-reduktory/
/catalog/id148;/spare_parts/delonghi/bloki-zavarivanija-i-reduktory/privod-bloka-zavarivanija-eam-esam-7313226111/
/catalog/id149;/spare_parts/delonghi/bloki-zavarivanija-i-reduktory/porshen-gruppy-zavarivanija-7313217501/
/catalog/id150;/spare_parts/delonghi/bloki-zavarivanija-i-reduktory/zavarochnyj-blok-ecam-7313218501/
/catalog/id156;/spare_parts/delonghi/bloki-zavarivanija-i-reduktory/blok-zavarivanija-eam-esam/
/catalog/id500;/spare_parts/delonghi/bloki-zavarivanija-i-reduktory/privod-bloka-zavarivanija-ecam-7313225981/
/catalog/id501;/spare_parts/delonghi/bloki-zavarivanija-i-reduktory/stopor-upor-ecam-7313214521/
/catalog/id502;/spare_parts/delonghi/datchiki-i-predohraniteli/datchik-privoda-delonghi-5213213971/
/catalog/id80;/spare_parts/delonghi/bloki-zavarivanija-i-reduktory/motor-reduktora-7313217261/
/catalog/id81;/spare_parts/delonghi/bloki-zavarivanija-i-reduktory/remen-reduktora-delonghi/
/catalog/id165;/spare_parts/delonghi/kapuchinatory/
/catalog/id197;/spare_parts/delonghi/kapuchinatory/trubka-dlja-kapuchchinatora-5332259500/
/catalog/id198;/spare_parts/delonghi/korpusa-kontejnery-poddony/kontejner-dlja-moloka-5532127200-5513218781/
/catalog/id201;/spare_parts/delonghi/kapuchinatory/trubka-dlja-kapuchchinatora-5332259800/
/catalog/id199;/spare_parts/delonghi/kapuchinatory/trubka-dlja-vspenivanija-5332229600/
/catalog/id203;/spare_parts/delonghi/kapuchinatory/kran-kapuchchinatora-5532124900/
/catalog/id204;/spare_parts/delonghi/kapuchinatory/shtucer-dlja-podkljuchenija-kapuchchinatora-krana-gorjachej-vody-5513214821/
/catalog/id206;/spare_parts/delonghi/korpusa-kontejnery-poddony/kontejner-dlja-moloka-s-kryshkoj-7313214441/
/catalog/id207;/spare_parts/delonghi/kapuchinatory/kran-dlja-vody-Lattissima-5532150200/
/catalog/id208;/spare_parts/delonghi/kapuchinatory/trubka-dlja-kapuchchinatora-eam3-esam3-5332100800/
/catalog/id209;/spare_parts/delonghi/kapuchinatory/trubka-dlja-kapuchchinatora-5332234800/
/catalog/id210;/spare_parts/delonghi/korpusa-kontejnery-poddony/kontejner-dlja-moloka-5532134000-7313210921/
/catalog/id211;/spare_parts/delonghi/kapuchinatory/kran-dlja-kapuchchinatora-5513210251/
/catalog/id213;/spare_parts/delonghi/kapuchinatory/kran-dlja-kapuchchinatora-5513212801/
/catalog/id214;/spare_parts/delonghi/korpusa-kontejnery-poddony/kontejner-dlja-moloka-648054/
/catalog/id215;/spare_parts/delonghi/korpusa-kontejnery-poddony/kontejner-dlja-moloka-5313218761-5513294521/
/catalog/id216;/spare_parts/delonghi/kapuchinatory/kran-dlja-kapuchchinatora-5513213511/
/catalog/id166;/spare_parts/delonghi/korpusa-kontejnery-poddony/kontejner-dlja-moloka-7332200000/
/catalog/id179;/spare_parts/delonghi/uplotniteli-i-manzhety/uplotnitelnye-kolca-dlja-kapuchchinatora-10148/
/catalog/id168;/spare_parts/delonghi/kapuchinatory/trubka-dlja-kapuchchino-5513210491/
/catalog/id181;/spare_parts/delonghi/kapuchinatory/shtucer-dlja-podkljuchenija-kapuchchinatora-krana-gorjachej-vody-5532133900/
/catalog/id182;/spare_parts/delonghi/kapuchinatory/silikonovaja-rubka-3.0x1.5mm-SS30x15/
/catalog/id180;/spare_parts/delonghi/kapuchinatory/kran-s-trubkoj-i-soplom-dlja-kapuchchinatora-7313216621/
/catalog/id189;/spare_parts/delonghi/kapuchinatory/kapuchchinator-dlja-esam-and-eam-10413/
/catalog/id184;/spare_parts/delonghi/korpusa-kontejnery-poddony/
/catalog/id185;/spare_parts/delonghi/korpusa-kontejnery-poddony/poddon-dlja-esam-5xxx-5332283900/
/catalog/id186;/spare_parts/delonghi/korpusa-kontejnery-poddony/poplavok-dlja-poddona-5332266300/
/catalog/id187;/spare_parts/delonghi/korpusa-kontejnery-poddony/kontejner-dlja-otrabotannogo-kofe-5313213561/
/catalog/id435;/spare_parts/rotel/
/catalog/id436;/spare_parts/nivona/
/catalog/id447;/spare_parts/nivona/datchiki-i-predohraniteli/
/catalog/id453;/spare_parts/nivona/datchiki-i-predohraniteli/teplovoj-datchik-dlja-termoblokia-12336/
/catalog/id454;/spare_parts/nivona/datchiki-i-predohraniteli/datchik-temperatury-669-dlja-termoblokia-52277/
/catalog/id438;/spare_parts/nivona/bloki-zavarivanija-i-reduktory/
/catalog/id448;/spare_parts/nivona/bloki-zavarivanija-i-reduktory/zavarnoj-blok-61099/
/catalog/id449;/spare_parts/nivona/bloki-zavarivanija-i-reduktory/zavarnoj-blok-61123/
/catalog/id451;/spare_parts/nivona/bloki-zavarivanija-i-reduktory/privod-046-dlja-zavarnogo-bloka-v-komplekte-s-drenazhnym-klapanom-53287/
/catalog/id439;/spare_parts/nivona/kapuchinatory/
/catalog/id465;/spare_parts/nivona/kapuchinatory/termokontejner-dlja-moloka-390700050/
/catalog/id466;/spare_parts/nivona/kapuchinatory/professionalnyj-kapuchchinator-s-chernym-kolcom-61759/
/catalog/id441;/spare_parts/nivona/termobloki/
/catalog/id452;/spare_parts/nivona/termobloki/termobloki-2001-v-sbore-dlja-nicr7xx-46392/
/catalog/id443;/spare_parts/nivona/korpusa-kontejnery-poddony/
/catalog/id489;/spare_parts/nivona/korpusa-kontejnery-poddony/kryshka-kontejnera-zeren-dlja-caferomatica-nicr6xx-48708/
/catalog/id487;/spare_parts/nivona/korpusa-kontejnery-poddony/kontejner-dlja-vody-nicr7xx-65289/
/catalog/id488;/spare_parts/nivona/korpusa-kontejnery-poddony/kryshka-kontejnera-dlja-vody-nicr7xx-49914/
/catalog/id486;/spare_parts/nivona/korpusa-kontejnery-poddony/kontejner-dlja-vody-cafeRomatica-nicr6xx-47942/
/catalog/id490;/spare_parts/nivona/korpusa-kontejnery-poddony/kryshka-kontejnera-zeren-dlja-nicr7xx-36577/
/catalog/id445;/spare_parts/nivona/pompy/
/catalog/id467;/spare_parts/nivona/pompy/pompa-Invensys-cp3a-st-59394n/
/catalog/id468;/spare_parts/nivona/pompy/termostat-115C-10A-1NT01L-dlja-pompy-25156/
/catalog/id446;/spare_parts/nivona/perehodniki-i-soedinenija/
/catalog/id491;/spare_parts/nivona/perehodniki-i-soedinenija/zazhim-dlja-termostata-1nt-01-27113/
/catalog/id492;/spare_parts/nivona/perehodniki-i-soedinenija/perehodnik-termoblokia-nivona-61799/
/catalog/id493;/spare_parts/nivona/perehodniki-i-soedinenija/zazhim-dlja-trubki-5470/
/catalog/id494;/spare_parts/nivona/perehodniki-i-soedinenija/homut-kreplenija-shlanga-shajby-i-pruzhinnyj-zazhim-425967/
/catalog;/catalog/
/catalog/id36;/kofe/
/catalog/id37;/kofe/danesi/
/catalog/id40;/kofe/danesi-classic/
/catalog/id41;/kofe/danesi-doppio/
/catalog/id37;/kofe/danesi-doppio-2kg/
/catalog/id43;/kofe/danesi-gold/
/catalog/id89;/kofe/lavazza/
/catalog/id90;/kofe/lavazza/lavazza-pienaroma/
/catalog/id91;/kofe/lavazza/lavazza-top-class/
/catalog/id92;/kofe/lavazza/lavazza-super-crema/
/catalog/id93;/kofe/lavazza/lavazza-gold-selection/
/catalog/id95;/kofe/lavazza/lavazza-crema-e-aroma-espresso/
/catalog/id94;/kofe/lavazza/lavazza-grand-espresso/
/catalog/id27;/rashodnye_materialy/
/catalog/id62;/rashodnye_materialy/sredstvo-dlja-udalenija-nakipi-bosch/
/catalog/id63;/rashodnye_materialy/sredstvo-dlja-udalenija-kofejnyh-masel-bosch/
/catalog/id69;/rashodnye_materialy/tabletki-dlja-dekalcinacii-jura/
/catalog/id71;/rashodnye_materialy/tabletki-dlja-chistki-ot-kofejnyh-masel-jura/
/catalog/id371;/rashodnye_materialy/aksessuary-barista/
/pages/docs;/docs/
/instructions/bosch/TCA5401.pdf;/files/articles/files/TCA5401.pdf
/instructions/bosch/TCA5601.pdf;/files/articles/files/TCA5601.pdf
/instructions/bosch/TCA6001.pdf;/files/articles/files/TCA6001.pdf
/instructions/bosch/TCA6301.pdf;/files/articles/files/TCA6301.pdf
/instructions/bosch/TCA6401.pdf;/files/articles/files/TCA6401.pdf
/instructions/delonghi/ESAM%204000.PDF;/files/articles/files/ESAM%204000.PDF
/instructions/delonghi/esam%205500.PDF;/files/articles/files/esam%205500.PDF
/instructions/delonghi/ESAM%206600.PDF;/files/articles/files/ESAM%206600.PDF
/instructions/delonghi/ESAM2200.pdf;/files/articles/files/ESAM2200.pdf
/instructions/electrolux/aeg-electrolux_EBA_60000X.pdf;/files/articles/files/aeg-electrolux_EBA_60000X.pdf
/instructions/electrolux/Electrolux_EBA60000.PDF;/files/articles/files/Electrolux_EBA60000.PDF
/instructions/electrolux/Electrolux_EBA63810X.pdf;/files/articles/files/Electrolux_EBA63810X.pdf
/instructions/gaggia/GAGGIA_Platihum.pdf;/files/articles/files/GAGGIA_Platihum.pdf
/instructions/gaggia/GAGGIA_Platinum_Swing.pdf;/files/articles/files/GAGGIA_Platinum_Swing.pdf
/instructions/gaggia/GAGGIA_Platinum_Vogue.pdf;/files/articles/files/GAGGIA_Platinum_Vogue.pdf
/instructions/gaggia/GAGGIA_Titanium.pdf;/files/articles/files/GAGGIA_Titanium.pdf
/instructions/jura/JURA-E10-E20-E25-ru.pdf;/files/articles/files/JURA-E10-E20-E25-ru.pdf
/instructions/jura/JURA-E80-E85-ru.pdf;/files/articles/files/JURA-E80-E85-ru.pdf
/instructions/jura/JURA-ENA5-ru.pdf;/files/articles/files/JURA-ENA5-ru.pdf
/instructions/jura/JURA-F5-F50-ru.pdf;/files/articles/files/JURA-F5-F50-ru.pdf
/instructions/jura/JURA-F9-F90-ru.pdf;/files/articles/files/JURA-F9-F90-ru.pdf
/instructions/jura/JURA-S7-S9-ru.pdf;/files/articles/files/JURA-S7-S9-ru.pdf
/instructions/jura/JURA-S9-ru.pdf;/files/articles/files/JURA-S9-ru.pdf
/instructions/jura/JURA-XF50.pdf;/files/articles/files/JURA-XF50.pdf
/instructions/jura/JURA-XS90-95.pdf;/files/articles/files/JURA-XS90-95.pdf
/instructions/jura/JURA-Z5-gen2-ru.pdf;/files/articles/files/JURA-Z5-gen2-ru.pdf
/instructions/jura/JURA-Z5-ru.pdf;/files/articles/files/JURA-Z5-ru.pdf
/instructions/jura/JURA-_40-60-65.doc;/files/articles/files/JURA-_40-60-65.doc
/instructions/nivona/Nivona_730-750-770_rus.pdf;/files/articles/files/Nivona_730-750-770_rus.pdf
/instructions/nivona/Nivona_CafeRomatica_605_rus.pdf;/files/articles/files/Nivona_CafeRomatica_605_rus.pdf
/instructions/saeco/PrimeaTouchPlus.pdf;/files/articles/files/PrimeaTouchPlus.pdf
/instructions/saeco/Saeco_Cafe_Nova.pdf;/files/articles/files/Saeco_Cafe_Nova.pdf
/instructions/saeco/Saeco_Incanto.pdf;/files/articles/files/Saeco_Incanto.pdf
/instructions/saeco/Saeco_Magic_de_Luxe.pdf;/files/articles/files/Saeco_Magic_de_Luxe.pdf
/instructions/saeco/Saeco_Talea_Giro.pdf;/files/articles/files/Saeco_Talea_Giro.pdf
/instructions/saeco/TaleaTouch.pdf;/files/articles/files/TaleaTouch.pdf
/instructions/siemens/TK52001.pdf;/files/articles/files/TK52001.pdf
/instructions/siemens/TK54001.pdf;/files/articles/files/TK54001.pdf
/instructions/siemens/TK60001.pdf;/files/articles/files/TK60001.pdf
/instructions/siemens/TK64001.pdf;/files/articles/files/TK64001.pdf
/instructions/siemens/TK68001.pdf;/files/articles/files/TK68001.pdf
/instructions/siemens/TK76001.pdf;/files/articles/files/TK76001.pdf
/pages/repair;/repairs/
/pages/about;/
/pages/rent;/rent/
/pages/payment;/payment/
/pages/delivery;/payment/
/pages/contacts;/contacts/
/pages/garantee;/
/pages/service;/
/pages/useful_index;/useful/
/pages/dopolnitelnie_funkcii;/dopolnitelnie_funkcii/
/pages/raznovidnosti_kofevarok;/raznovidnosti_kofevarok/
/pages/pravila-uhoda-za-kofemashinoj;/pravila-uhoda-za-kofemashinoj/
/pages/filtry-vody-dlja-kofemashin;/filtry-vody-dlja-kofemashin/
/pages/nuzhno-li-vykljuchat-kofemashinu;/nuzhno-li-vykljuchat-kofemashinu/
/pages/polomki-neispravnosti-kofemashin-Saeco;/polomki-neispravnosti-kofemashin-Saeco/
/pages/polomki-i-oshibki-kofmeshin-jura;/polomki-i-oshibki-kofmeshin-jura/
/pages/kak-rabotaet-kofemashina;/kak-rabotaet-kofemashina/
/pages/Nastrojka-kofemashiny-Saeco;/Nastrojka-kofemashiny-Saeco/
/pages/tabletki-dlja-chistki-kofemashiny;/tabletki-dlja-chistki-kofemashiny/
/pages/voda-dlja-kofemashiny;/voda-dlja-kofemashiny/
/pages/about_kofee_mashines_index;/poleznaja informacija/
/pages/kofe_mashine_SAECO;/proizvoditel-saeco/
/pages/cofe_mashines_jura;/proizvoditel-jura/
/pages/cofe_mashines_rancilio;/proizvoditel-rancilio/
/pages/proizvoditel_gaggia;/proizvoditel-gaggia/
/pages/proizvoditel-melitta;/proizvoditel-melitta/
/pages/proizvoditel-Schaerer;/proizvoditel-schaerer/
/pages/proizvoditel-La-Cimbali;/proizvoditel-la-cimbali/
/pages/repair;/repairs/
/pages/saeco;/saeco/
/pages/gaggia;/gaggia/
/pages/electrolux;/electrolux/
/pages/delonghi;/delonghi/
/pages/jura;/jura/
/pages/siemens;/siemens/
/pages/aeg;/aeg/
/pages/nivona;/nivona/
/pages/spidem;/spidem/
/pages/bosch;/bosch/
/pages/melitta;/melitta/
/pages/rotel;/rotel/
/pages/polomka_jura;/polomka_jura/
/pages/prices;/prices/
/pages/job;/
/pages/schemesDelonghi;/schemes/
/files/schemes/bar40.pdf;/files/schemes/files/bar40.pdf
/files/schemes/ec200.pdf;/files/schemes/files/ec200.pdf
/files/schemes/ECAM22.110.B.pdf;/files/schemes/files/ECAM22.110.B.pdf
/files/schemes/ECAM23.210.pdf;/files/schemes/files/ECAM23.210.pdf
/files/schemes/ECAM23.420SB.pdf;/files/schemes/files/ECAM23.420SB.pdf
/files/schemes/ECAM23.450S.pdf;/files/schemes/files/ECAM23.450S.pdf
/files/schemes/ECAM26.455.pdf;/files/schemes/files/ECAM26.455.pdf
/files/schemes/EN520S.pdf;/files/schemes/files/EN520S.pdf
/files/schemes/EN670.pdf;/files/schemes/files/EN670.pdf
/files/schemes/EN720.M.pdf;/files/schemes/files/EN720.M.pdf
/files/schemes/ESAM04.110S.pdf;/files/schemes/files/ESAM04.110S.pdf
/files/schemes/ESAM2200.pdf;/files/schemes/files/ESAM2200.pdf
/files/schemes/ESAM2600.pdf;/files/schemes/files/ESAM2600.pdf
/files/schemes/ESAM3000.pdf;/files/schemes/files/ESAM3000.pdf
/files/schemes/ESAM3200.pdf;/files/schemes/files/ESAM3200.pdf
/files/schemes/ESAM3500.pdf;/files/schemes/files/ESAM3500.pdf
/files/schemes/ESAM4000.pdf;/files/schemes/files/ESAM4000.pdf
/files/schemes/ESAM4200.pdf;/files/schemes/files/ESAM4200.pdf
/files/schemes/ESAM4500.pdf;/files/schemes/files/ESAM4500.pdf
/files/schemes/ESAM5500.pdf;/files/schemes/files/ESAM5500.pdf
/pages/servisnyj-centr-kofemashiny-bosch;/servisnyj-centr-kofemashiny-bosch/
/pages/servisnyj-centr-kofemashiny-jura;/servisnyj-centr-kofemashiny-jura/
/pages/servisnyj-centr-kofemashiny-saeco;/servisnyj-centr-kofemashiny-saeco/
/spare_parts/gaggia/;/spare_parts/saeco/
/spare_parts/spidem/;/spare_parts/saeco/
/spare_parts/siemens/;/spare_parts/bosch/
/lavazza/;/404/
/danesi/;/404/
/spare_parts/rancilio-silvia/;/404/
/spare_parts/krups/;/404/
/spare_parts/melitta/;/404/
/spare_parts/rotel/;/404/
/spare_parts/electrolux/;/404/
/spare_parts/aeg/;/404/
/ulka/;/404/
/rancilio/;/404/
/krups/;/404/
/oks/;/404/
/catalog/id248/;/spare_parts/
/catalog/id442/;/spare_parts/
/catalog/id444/;/spare_parts/
/catalog/id462/;/spare_parts/
/catalog/id61/;/spare_parts/
/catalog/id200/;/spare_parts/
/catalog/id92/;/spare_parts/
/catalog/id130/;/spare_parts/
/catalog/id172/;/spare_parts/
/catalog/id195/;/spare_parts/
/catalog/id299/;/spare_parts/
/catalog/id311/;/spare_parts/
/catalog/id456/;/spare_parts/
/catalog/id457/;/spare_parts/
/catalog/id461/;/spare_parts/
/catalog/id64/;/spare_parts/
/catalog/id110/;/spare_parts/
/catalog/id127/;/spare_parts/
/catalog/id548/;/spare_parts/
/catalog/id100/;/spare_parts/
/catalog/id129/;/spare_parts/
/catalog/id132/;/spare_parts/
/catalog/id133/;/spare_parts/
/catalog/id147/;/spare_parts/
/catalog/id169/;/spare_parts/
/catalog/id175/;/spare_parts/
/catalog/id194/;/spare_parts/
/catalog/id202/;/spare_parts/
/catalog/id205/;/spare_parts/
/catalog/id209/;/spare_parts/
/catalog/id212/;/spare_parts/
/catalog/id243/;/spare_parts/
/catalog/id257/;/spare_parts/
/catalog/id278/;/spare_parts/
/catalog/id279/;/spare_parts/
/catalog/id39/;/spare_parts/
/catalog/id432/;/spare_parts/
/catalog/id435/;/spare_parts/
/catalog/id455/;/spare_parts/
/catalog/id458/;/spare_parts/
/catalog/id459/;/spare_parts/
/catalog/id463/;/spare_parts/
/catalog/id481/;/spare_parts/
/catalog/id535/;/spare_parts/
/catalog/id543/;/spare_parts/
/catalog/id545/;/spare_parts/
/catalog/id546/;/spare_parts/
/catalog/id547/;/spare_parts/
/catalog/id66/;/spare_parts/
/catalog/id87/;/spare_parts/
/catalog/id90/;/spare_parts/
/catalog/id94/;/spare_parts/
/catalog/id95/;/spare_parts/
/catalog/id98/;/spare_parts/
/offers/42/;/spare_parts/
/pages/proizvoditel_gaggia/;/spare_parts/
/catalog/id292/;/spare_parts/
/catalog/id549/;/spare_parts/
/offers/39/;/spare_parts/
/pages/SALLE/;/spare_parts/
/catalog/id300/;/spare_parts/
/catalog/id104/;/spare_parts/
/catalog/id109/;/spare_parts/
/catalog/id167/;/spare_parts/
/catalog/id174/;/spare_parts/
/catalog/id192/;/spare_parts/
/catalog/id259/;/spare_parts/
/catalog/id289/;/spare_parts/
/catalog/id332/;/spare_parts/
/catalog/id44/;/spare_parts/
/catalog/id464/;/spare_parts/
/catalog/id510/;/spare_parts/
/catalog/id93/;/spare_parts/
/catalog/id96/;/spare_parts/
/catalog/id105/;/spare_parts/
/catalog/id107/;/spare_parts/
/catalog/id103/;/spare_parts/
/catalog/id173/;/spare_parts/
/catalog/id176/;/spare_parts/
/catalog/id183/;/spare_parts/
/catalog/id190/;/spare_parts/
/catalog/id242/;/spare_parts/
/catalog/id437/;/spare_parts/
/catalog/id544/;/spare_parts/
/catalog/id170/;/spare_parts/
/catalog/id37/;/spare_parts/
/catalog/;/spare_parts/
/spare_parts/consumables/;/rashodnye_materialy/